{"cameraMode":{"drawMode":0,"name":"Shaded","section":"Shading Mode"},"sceneLighting":true,"audioPlay":false,"sceneViewState":{"m_AlwaysRefresh":false,"showFog":true,"showSkybox":true,"showFlares":true,"showImageEffects":true,"showParticleSystems":true,"showVisualEffectGraphs":true,"m_FxEnabled":false},"in2DMode":false,"pivot":{"x":17.603660583496095,"y":26.47923469543457,"z":23.72840690612793},"rotation":{"x":0.009047871455550194,"y":-0.8863708972930908,"z":0.4618079364299774,"w":0.016882674768567086},"size":0.4236126244068146,"orthographic":false}